{
  "anthropic/claude-3-5-haiku-20241022": {
    "model": "anthropic/claude-3-5-haiku-20241022",
    "n_low": 78,
    "n_high": 69,
    "n_total": 147,
    "mean_low": 7.346153846153846,
    "mean_high": 9.826086956521738,
    "sd_low": 2.854716848309769,
    "sd_high": 3.3877722222899984,
    "anchoring_effect": 2.4799331103678925,
    "ci_low": {
      "lower": 6.713534459631419,
      "upper": 7.978773232676272,
      "margin": 0.6326193865224266
    },
    "ci_high": {
      "lower": 9.02787832976701,
      "upper": 10.624295583276467,
      "margin": 0.7982086267547286
    },
    "ttest": {
      "t": -4.765464782249148,
      "p": 0.0020000000000000018,
      "df": 133.6776764214076
    },
    "cohens_d": 0.7958510988310867,
    "effect_magnitude": "medium"
  },
  "anthropic/claude-3-5-haiku-latest": {
    "model": "anthropic/claude-3-5-haiku-latest",
    "n_low": 3,
    "n_high": 3,
    "n_total": 6,
    "mean_low": 4.666666666666667,
    "mean_high": 7.666666666666667,
    "sd_low": 0.9428090415820634,
    "sd_high": 1.247219128924647,
    "anchoring_effect": 3,
    "ci_low": {
      "lower": 3.6013226496539392,
      "upper": 5.732010683679395,
      "margin": 1.0653440170127275
    },
    "ci_high": {
      "lower": 6.257349001793546,
      "upper": 9.075984331539788,
      "margin": 1.4093176648731205
    },
    "ttest": {
      "t": -3.3234702564419836,
      "p": 0.0020000000000000018,
      "df": 3.7230769230769245
    },
    "cohens_d": 2.7136021011998728,
    "effect_magnitude": "large"
  },
  "anthropic/claude-haiku-4-5": {
    "model": "anthropic/claude-haiku-4-5",
    "n_low": 23,
    "n_high": 21,
    "n_total": 74,
    "mean_low": 3.3043478260869565,
    "mean_high": 7,
    "sd_low": 0.8564224175474873,
    "sd_high": 0.9759000729485332,
    "anchoring_effect": 3.6956521739130435,
    "ci_low": {
      "lower": 2.954844857750195,
      "upper": 3.653850794423718,
      "margin": 0.34950296833676153
    },
    "ci_high": {
      "lower": 6.583205035984973,
      "upper": 7.416794964015027,
      "margin": 0.41679496401502736
    },
    "ttest": {
      "t": -13.297411676652807,
      "p": 0.0020000000000000018,
      "df": 40.02465351501797
    },
    "cohens_d": 4.037800213823864,
    "effect_magnitude": "large"
  },
  "anthropic/claude-opus-4-0": {
    "model": "anthropic/claude-opus-4-0",
    "n_low": 30,
    "n_high": 30,
    "n_total": 60,
    "mean_low": 6,
    "mean_high": 6,
    "sd_low": 0,
    "sd_high": 0,
    "anchoring_effect": 0,
    "ci_low": {
      "lower": 6,
      "upper": 6,
      "margin": 0
    },
    "ci_high": {
      "lower": 6,
      "upper": 6,
      "margin": 0
    },
    "ttest": {
      "t": null,
      "p": null,
      "df": null
    },
    "cohens_d": null,
    "effect_magnitude": "large"
  },
  "anthropic/claude-opus-4-5": {
    "model": "anthropic/claude-opus-4-5",
    "n_low": 60,
    "n_high": 60,
    "n_total": 120,
    "mean_low": 6.016666666666667,
    "mean_high": 7,
    "sd_low": 1.0081611423224408,
    "sd_high": 1,
    "anchoring_effect": 0.9833333333333334,
    "ci_low": {
      "lower": 5.761936084018982,
      "upper": 6.271397249314351,
      "margin": 0.2547305826476842
    },
    "ci_high": {
      "lower": 6.747331481095496,
      "upper": 7.252668518904504,
      "margin": 0.2526685189045042
    },
    "ttest": {
      "t": -5.364005798245311,
      "p": 0.0020000000000000018,
      "df": 117.99220522204084
    },
    "cohens_d": 0.979328991429154,
    "effect_magnitude": "large"
  },
  "anthropic/claude-opus-4-5-20251101": {
    "model": "anthropic/claude-opus-4-5-20251101",
    "n_low": 60,
    "n_high": 60,
    "n_total": 120,
    "mean_low": 6.316666666666666,
    "mean_high": 7.083333333333333,
    "sd_low": 1.6481471077816114,
    "sd_high": 1.1149240133549705,
    "anchoring_effect": 0.7666666666666666,
    "ci_low": {
      "lower": 5.900231778006744,
      "upper": 6.733101555326589,
      "margin": 0.41643488865992206
    },
    "ci_high": {
      "lower": 6.801627134187867,
      "upper": 7.365039532478799,
      "margin": 0.2817061991454661
    },
    "ttest": {
      "t": -2.9844553072760367,
      "p": 0.0029999999999998916,
      "df": 103.64852183053608
    },
    "cohens_d": 0.5448844978870324,
    "effect_magnitude": "medium"
  },
  "anthropic/claude-opus-4-6": {
    "model": "anthropic/claude-opus-4-6",
    "n_low": 50,
    "n_high": 45,
    "n_total": 95,
    "mean_low": 7.04,
    "mean_high": 6.644444444444445,
    "sd_low": 1.6487571076419962,
    "sd_high": 0.793180813225544,
    "anchoring_effect": -0.3955555555555552,
    "ci_low": {
      "lower": 6.583649596994462,
      "upper": 7.496350403005538,
      "margin": 0.4563504030055379
    },
    "ci_high": {
      "lower": 6.413028806490419,
      "upper": 6.875860082398471,
      "margin": 0.2314156379540255
    },
    "ttest": {
      "t": 1.5130108953987982,
      "p": 0.131,
      "df": 72.12933965511101
    },
    "cohens_d": -0.3007413246599331,
    "effect_magnitude": "small"
  },
  "anthropic/claude-sonnet-4-20250514": {
    "model": "anthropic/claude-sonnet-4-20250514",
    "n_low": 418,
    "n_high": 418,
    "n_total": 986,
    "mean_low": 5.7272727272727275,
    "mean_high": 6.002392344497608,
    "sd_low": 1.6419362846774712,
    "sd_high": 1.976535565397461,
    "anchoring_effect": 0.2751196172248802,
    "ci_low": {
      "lower": 5.570093583287308,
      "upper": 5.884451871258147,
      "margin": 0.15717914398541966
    },
    "ci_high": {
      "lower": 5.8131827076042155,
      "upper": 6.191601981391,
      "margin": 0.18920963689339254
    },
    "ttest": {
      "t": -2.189024589583521,
      "p": 0.02859999999999996,
      "df": 806.8689157447238
    },
    "cohens_d": 0.15141799703734196,
    "effect_magnitude": "negligible"
  },
  "anthropic/claude-sonnet-4-5": {
    "model": "anthropic/claude-sonnet-4-5",
    "n_low": 210,
    "n_high": 210,
    "n_total": 510,
    "mean_low": 6,
    "mean_high": 9,
    "sd_low": 0,
    "sd_high": 0,
    "anchoring_effect": 3,
    "ci_low": {
      "lower": 6,
      "upper": 6,
      "margin": 0
    },
    "ci_high": {
      "lower": 9,
      "upper": 9,
      "margin": 0
    },
    "ttest": {
      "t": null,
      "p": 0.0020000000000000018,
      "df": null
    },
    "cohens_d": null,
    "effect_magnitude": "large"
  },
  "codex": {
    "model": "codex",
    "n_low": 92,
    "n_high": 140,
    "n_total": 232,
    "mean_low": 5.423913043478261,
    "mean_high": 8.357142857142858,
    "sd_low": 0.899682258551099,
    "sd_high": 1.4145742851343186,
    "anchoring_effect": 2.933229813664597,
    "ci_low": {
      "lower": 5.240334465033299,
      "upper": 5.607491621923223,
      "margin": 0.18357857844496203
    },
    "ci_high": {
      "lower": 8.12315759647469,
      "upper": 8.591128117811026,
      "margin": 0.2339852606681691
    },
    "ttest": {
      "t": -19.302939473493648,
      "p": 0.0020000000000000018,
      "df": 229.79417881564058
    },
    "cohens_d": 2.3717134393988637,
    "effect_magnitude": "large"
  },
  "github-copilot/gpt-4o": {
    "model": "github-copilot/gpt-4o",
    "n_low": 549,
    "n_high": 546,
    "n_total": 1525,
    "mean_low": 4.131147540983607,
    "mean_high": 9.065934065934066,
    "sd_low": 2.129914173018429,
    "sd_high": 1.6327836259832627,
    "anchoring_effect": 4.934786524950459,
    "ci_low": {
      "lower": 3.9532365859307093,
      "upper": 4.309058496036504,
      "margin": 0.1779109550528974
    },
    "ci_high": {
      "lower": 8.929174071342649,
      "upper": 9.202694060525483,
      "margin": 0.136759994591416
    },
    "ttest": {
      "t": -43.039897162540726,
      "p": 0.0020000000000000018,
      "df": 1026.5578752850167
    },
    "cohens_d": 2.5994800890701377,
    "effect_magnitude": "large"
  },
  "github-copilot/gpt-5.2": {
    "model": "github-copilot/gpt-5.2",
    "n_low": 221,
    "n_high": 222,
    "n_total": 443,
    "mean_low": 4.4343891402714934,